[
    {
        "icon": "🔑",
        "title": "1. Регистрация нового пользователя",
        "content": "<ol><li>Откройте приложение Kolmit.</li><li>Заполните форму...</li></ol>",
        "video": "/assets/video/registry.mp4"
    },
    {
        "icon": "🌐",
        "title": "2. Выбор языка интерфейса",
        "content": "<p>Вы можете изменить язык...</p>",
        "video": "/assets/video/lang.mp4"
    }
]
